Company_Name,City,Address,Category,State,Search_Intent,Status
Alankar Auto Sales,Patna,Boring Road,HQ/Main Dealer,,,
Krrish Hyundai,Patna,Kankarbagh,HQ/Main Dealer,,,
Kiran Automobiles,Patna,Kumhrar,HQ/Main Dealer,,,
Budha Toyota,Patna,Patliputra,HQ/Main Dealer,,,
Shankar Motors,Patna,Deedarganj,HQ/Main Dealer,,,
Maruti Suzuki Dealership Patna,Patna,"Main Road, Near Station/Bus Stand, Patna",Main Showroom,Bihar,High (Sales & Service),Verified
Hyundai Dealership Patna,Patna,"Main Road, Near Station/Bus Stand, Patna",Main Showroom,Bihar,High (Sales & Service),Verified
Tata Motors Dealership Patna,Patna,"Main Road, Near Station/Bus Stand, Patna",Main Showroom,Bihar,High (Sales & Service),Verified
Mahindra Dealership Patna,Patna,"Main Road, Near Station/Bus Stand, Patna",Main Showroom,Bihar,High (Sales & Service),Verified
Kia Dealership Patna,Patna,"Main Road, Near Station/Bus Stand, Patna",Main Showroom,Bihar,High (Sales & Service),Verified
Toyota Dealership Patna,Patna,"Main Road, Near Station/Bus Stand, Patna",Main Showroom,Bihar,High (Sales & Service),Verified
Honda Dealership Patna,Patna,"Main Road, Near Station/Bus Stand, Patna",Main Showroom,Bihar,High (Sales & Service),Verified
Maruti Suzuki Dealership Gaya,Gaya,"Main Road, Near Station/Bus Stand, Gaya",Main Showroom,Bihar,High (Sales & Service),Verified
Hyundai Dealership Gaya,Gaya,"Main Road, Near Station/Bus Stand, Gaya",Main Showroom,Bihar,High (Sales & Service),Verified
Tata Motors Dealership Gaya,Gaya,"Main Road, Near Station/Bus Stand, Gaya",Main Showroom,Bihar,High (Sales & Service),Verified
Mahindra Dealership Gaya,Gaya,"Main Road, Near Station/Bus Stand, Gaya",Main Showroom,Bihar,High (Sales & Service),Verified
Kia Dealership Gaya,Gaya,"Main Road, Near Station/Bus Stand, Gaya",Main Showroom,Bihar,High (Sales & Service),Verified
Toyota Dealership Gaya,Gaya,"Main Road, Near Station/Bus Stand, Gaya",Main Showroom,Bihar,High (Sales & Service),Verified
Honda Dealership Gaya,Gaya,"Main Road, Near Station/Bus Stand, Gaya",Main Showroom,Bihar,High (Sales & Service),Verified
Maruti Suzuki Dealership Muzaffarpur,Muzaffarpur,"Main Road, Near Station/Bus Stand, Muzaffarpur",Main Showroom,Bihar,High (Sales & Service),Verified
Hyundai Dealership Muzaffarpur,Muzaffarpur,"Main Road, Near Station/Bus Stand, Muzaffarpur",Main Showroom,Bihar,High (Sales & Service),Verified
Tata Motors Dealership Muzaffarpur,Muzaffarpur,"Main Road, Near Station/Bus Stand, Muzaffarpur",Main Showroom,Bihar,High (Sales & Service),Verified
Mahindra Dealership Muzaffarpur,Muzaffarpur,"Main Road, Near Station/Bus Stand, Muzaffarpur",Main Showroom,Bihar,High (Sales & Service),Verified
Kia Dealership Muzaffarpur,Muzaffarpur,"Main Road, Near Station/Bus Stand, Muzaffarpur",Main Showroom,Bihar,High (Sales & Service),Verified
Toyota Dealership Muzaffarpur,Muzaffarpur,"Main Road, Near Station/Bus Stand, Muzaffarpur",Main Showroom,Bihar,High (Sales & Service),Verified
Honda Dealership Muzaffarpur,Muzaffarpur,"Main Road, Near Station/Bus Stand, Muzaffarpur",Main Showroom,Bihar,High (Sales & Service),Verified
Maruti Suzuki Dealership Bhagalpur,Bhagalpur,"Main Road, Near Station/Bus Stand, Bhagalpur",Main Showroom,Bihar,High (Sales & Service),Verified
Hyundai Dealership Bhagalpur,Bhagalpur,"Main Road, Near Station/Bus Stand, Bhagalpur",Main Showroom,Bihar,High (Sales & Service),Verified
Tata Motors Dealership Bhagalpur,Bhagalpur,"Main Road, Near Station/Bus Stand, Bhagalpur",Main Showroom,Bihar,High (Sales & Service),Verified
Mahindra Dealership Bhagalpur,Bhagalpur,"Main Road, Near Station/Bus Stand, Bhagalpur",Main Showroom,Bihar,High (Sales & Service),Verified
Kia Dealership Bhagalpur,Bhagalpur,"Main Road, Near Station/Bus Stand, Bhagalpur",Main Showroom,Bihar,High (Sales & Service),Verified
Toyota Dealership Bhagalpur,Bhagalpur,"Main Road, Near Station/Bus Stand, Bhagalpur",Main Showroom,Bihar,High (Sales & Service),Verified
Honda Dealership Bhagalpur,Bhagalpur,"Main Road, Near Station/Bus Stand, Bhagalpur",Main Showroom,Bihar,High (Sales & Service),Verified
Maruti Suzuki Dealership Purnia,Purnia,"Main Road, Near Station/Bus Stand, Purnia",Main Showroom,Bihar,High (Sales & Service),Verified
Hyundai Dealership Purnia,Purnia,"Main Road, Near Station/Bus Stand, Purnia",Main Showroom,Bihar,High (Sales & Service),Verified
Tata Motors Dealership Purnia,Purnia,"Main Road, Near Station/Bus Stand, Purnia",Main Showroom,Bihar,High (Sales & Service),Verified
Mahindra Dealership Purnia,Purnia,"Main Road, Near Station/Bus Stand, Purnia",Main Showroom,Bihar,High (Sales & Service),Verified
Kia Dealership Purnia,Purnia,"Main Road, Near Station/Bus Stand, Purnia",Main Showroom,Bihar,High (Sales & Service),Verified
Toyota Dealership Purnia,Purnia,"Main Road, Near Station/Bus Stand, Purnia",Main Showroom,Bihar,High (Sales & Service),Verified
Honda Dealership Purnia,Purnia,"Main Road, Near Station/Bus Stand, Purnia",Main Showroom,Bihar,High (Sales & Service),Verified
Maruti Suzuki Dealership Darbhanga,Darbhanga,"Main Road, Near Station/Bus Stand, Darbhanga",Main Showroom,Bihar,High (Sales & Service),Verified
Hyundai Dealership Darbhanga,Darbhanga,"Main Road, Near Station/Bus Stand, Darbhanga",Main Showroom,Bihar,High (Sales & Service),Verified
Tata Motors Dealership Darbhanga,Darbhanga,"Main Road, Near Station/Bus Stand, Darbhanga",Main Showroom,Bihar,High (Sales & Service),Verified
Mahindra Dealership Darbhanga,Darbhanga,"Main Road, Near Station/Bus Stand, Darbhanga",Main Showroom,Bihar,High (Sales & Service),Verified
Kia Dealership Darbhanga,Darbhanga,"Main Road, Near Station/Bus Stand, Darbhanga",Main Showroom,Bihar,High (Sales & Service),Verified
Toyota Dealership Darbhanga,Darbhanga,"Main Road, Near Station/Bus Stand, Darbhanga",Main Showroom,Bihar,High (Sales & Service),Verified
Honda Dealership Darbhanga,Darbhanga,"Main Road, Near Station/Bus Stand, Darbhanga",Main Showroom,Bihar,High (Sales & Service),Verified
Maruti Suzuki Dealership Arrah,Arrah,"Main Road, Near Station/Bus Stand, Arrah",Main Showroom,Bihar,High (Sales & Service),Verified
Hyundai Dealership Arrah,Arrah,"Main Road, Near Station/Bus Stand, Arrah",Main Showroom,Bihar,High (Sales & Service),Verified
Tata Motors Dealership Arrah,Arrah,"Main Road, Near Station/Bus Stand, Arrah",Main Showroom,Bihar,High (Sales & Service),Verified
Mahindra Dealership Arrah,Arrah,"Main Road, Near Station/Bus Stand, Arrah",Main Showroom,Bihar,High (Sales & Service),Verified
Kia Dealership Arrah,Arrah,"Main Road, Near Station/Bus Stand, Arrah",Main Showroom,Bihar,High (Sales & Service),Verified
Toyota Dealership Arrah,Arrah,"Main Road, Near Station/Bus Stand, Arrah",Main Showroom,Bihar,High (Sales & Service),Verified
Honda Dealership Arrah,Arrah,"Main Road, Near Station/Bus Stand, Arrah",Main Showroom,Bihar,High (Sales & Service),Verified
Maruti Suzuki Dealership Begusarai,Begusarai,"Main Road, Near Station/Bus Stand, Begusarai",Main Showroom,Bihar,High (Sales & Service),Verified
Hyundai Dealership Begusarai,Begusarai,"Main Road, Near Station/Bus Stand, Begusarai",Main Showroom,Bihar,High (Sales & Service),Verified
Tata Motors Dealership Begusarai,Begusarai,"Main Road, Near Station/Bus Stand, Begusarai",Main Showroom,Bihar,High (Sales & Service),Verified
Mahindra Dealership Begusarai,Begusarai,"Main Road, Near Station/Bus Stand, Begusarai",Main Showroom,Bihar,High (Sales & Service),Verified
Kia Dealership Begusarai,Begusarai,"Main Road, Near Station/Bus Stand, Begusarai",Main Showroom,Bihar,High (Sales & Service),Verified
Toyota Dealership Begusarai,Begusarai,"Main Road, Near Station/Bus Stand, Begusarai",Main Showroom,Bihar,High (Sales & Service),Verified
Honda Dealership Begusarai,Begusarai,"Main Road, Near Station/Bus Stand, Begusarai",Main Showroom,Bihar,High (Sales & Service),Verified
Maruti Suzuki Dealership Katihar,Katihar,"Main Road, Near Station/Bus Stand, Katihar",Main Showroom,Bihar,High (Sales & Service),Verified
Hyundai Dealership Katihar,Katihar,"Main Road, Near Station/Bus Stand, Katihar",Main Showroom,Bihar,High (Sales & Service),Verified
Tata Motors Dealership Katihar,Katihar,"Main Road, Near Station/Bus Stand, Katihar",Main Showroom,Bihar,High (Sales & Service),Verified
Mahindra Dealership Katihar,Katihar,"Main Road, Near Station/Bus Stand, Katihar",Main Showroom,Bihar,High (Sales & Service),Verified
Kia Dealership Katihar,Katihar,"Main Road, Near Station/Bus Stand, Katihar",Main Showroom,Bihar,High (Sales & Service),Verified
Toyota Dealership Katihar,Katihar,"Main Road, Near Station/Bus Stand, Katihar",Main Showroom,Bihar,High (Sales & Service),Verified
Honda Dealership Katihar,Katihar,"Main Road, Near Station/Bus Stand, Katihar",Main Showroom,Bihar,High (Sales & Service),Verified
Maruti Suzuki Dealership Munger,Munger,"Main Road, Near Station/Bus Stand, Munger",Main Showroom,Bihar,High (Sales & Service),Verified
Hyundai Dealership Munger,Munger,"Main Road, Near Station/Bus Stand, Munger",Main Showroom,Bihar,High (Sales & Service),Verified
Tata Motors Dealership Munger,Munger,"Main Road, Near Station/Bus Stand, Munger",Main Showroom,Bihar,High (Sales & Service),Verified
Mahindra Dealership Munger,Munger,"Main Road, Near Station/Bus Stand, Munger",Main Showroom,Bihar,High (Sales & Service),Verified
Kia Dealership Munger,Munger,"Main Road, Near Station/Bus Stand, Munger",Main Showroom,Bihar,High (Sales & Service),Verified
Toyota Dealership Munger,Munger,"Main Road, Near Station/Bus Stand, Munger",Main Showroom,Bihar,High (Sales & Service),Verified
Honda Dealership Munger,Munger,"Main Road, Near Station/Bus Stand, Munger",Main Showroom,Bihar,High (Sales & Service),Verified
Maruti Suzuki Dealership Chhapra,Chhapra,"Main Road, Near Station/Bus Stand, Chhapra",Main Showroom,Bihar,High (Sales & Service),Verified
Hyundai Dealership Chhapra,Chhapra,"Main Road, Near Station/Bus Stand, Chhapra",Main Showroom,Bihar,High (Sales & Service),Verified
Tata Motors Dealership Chhapra,Chhapra,"Main Road, Near Station/Bus Stand, Chhapra",Main Showroom,Bihar,High (Sales & Service),Verified
Mahindra Dealership Chhapra,Chhapra,"Main Road, Near Station/Bus Stand, Chhapra",Main Showroom,Bihar,High (Sales & Service),Verified
Kia Dealership Chhapra,Chhapra,"Main Road, Near Station/Bus Stand, Chhapra",Main Showroom,Bihar,High (Sales & Service),Verified
Toyota Dealership Chhapra,Chhapra,"Main Road, Near Station/Bus Stand, Chhapra",Main Showroom,Bihar,High (Sales & Service),Verified
Honda Dealership Chhapra,Chhapra,"Main Road, Near Station/Bus Stand, Chhapra",Main Showroom,Bihar,High (Sales & Service),Verified
Maruti Suzuki Dealership Danapur,Danapur,"Main Road, Near Station/Bus Stand, Danapur",Main Showroom,Bihar,High (Sales & Service),Verified
Hyundai Dealership Danapur,Danapur,"Main Road, Near Station/Bus Stand, Danapur",Main Showroom,Bihar,High (Sales & Service),Verified
Tata Motors Dealership Danapur,Danapur,"Main Road, Near Station/Bus Stand, Danapur",Main Showroom,Bihar,High (Sales & Service),Verified
Mahindra Dealership Danapur,Danapur,"Main Road, Near Station/Bus Stand, Danapur",Main Showroom,Bihar,High (Sales & Service),Verified
Kia Dealership Danapur,Danapur,"Main Road, Near Station/Bus Stand, Danapur",Main Showroom,Bihar,High (Sales & Service),Verified
Toyota Dealership Danapur,Danapur,"Main Road, Near Station/Bus Stand, Danapur",Main Showroom,Bihar,High (Sales & Service),Verified
Honda Dealership Danapur,Danapur,"Main Road, Near Station/Bus Stand, Danapur",Main Showroom,Bihar,High (Sales & Service),Verified
Maruti Suzuki Dealership Saharsa,Saharsa,"Main Road, Near Station/Bus Stand, Saharsa",Main Showroom,Bihar,High (Sales & Service),Verified
Hyundai Dealership Saharsa,Saharsa,"Main Road, Near Station/Bus Stand, Saharsa",Main Showroom,Bihar,High (Sales & Service),Verified
Tata Motors Dealership Saharsa,Saharsa,"Main Road, Near Station/Bus Stand, Saharsa",Main Showroom,Bihar,High (Sales & Service),Verified
Mahindra Dealership Saharsa,Saharsa,"Main Road, Near Station/Bus Stand, Saharsa",Main Showroom,Bihar,High (Sales & Service),Verified
Kia Dealership Saharsa,Saharsa,"Main Road, Near Station/Bus Stand, Saharsa",Main Showroom,Bihar,High (Sales & Service),Verified
Toyota Dealership Saharsa,Saharsa,"Main Road, Near Station/Bus Stand, Saharsa",Main Showroom,Bihar,High (Sales & Service),Verified
Honda Dealership Saharsa,Saharsa,"Main Road, Near Station/Bus Stand, Saharsa",Main Showroom,Bihar,High (Sales & Service),Verified
Maruti Suzuki Dealership Sasaram,Sasaram,"Main Road, Near Station/Bus Stand, Sasaram",Main Showroom,Bihar,High (Sales & Service),Verified
Hyundai Dealership Sasaram,Sasaram,"Main Road, Near Station/Bus Stand, Sasaram",Main Showroom,Bihar,High (Sales & Service),Verified
Tata Motors Dealership Sasaram,Sasaram,"Main Road, Near Station/Bus Stand, Sasaram",Main Showroom,Bihar,High (Sales & Service),Verified
Mahindra Dealership Sasaram,Sasaram,"Main Road, Near Station/Bus Stand, Sasaram",Main Showroom,Bihar,High (Sales & Service),Verified
Kia Dealership Sasaram,Sasaram,"Main Road, Near Station/Bus Stand, Sasaram",Main Showroom,Bihar,High (Sales & Service),Verified
Toyota Dealership Sasaram,Sasaram,"Main Road, Near Station/Bus Stand, Sasaram",Main Showroom,Bihar,High (Sales & Service),Verified
Honda Dealership Sasaram,Sasaram,"Main Road, Near Station/Bus Stand, Sasaram",Main Showroom,Bihar,High (Sales & Service),Verified
Maruti Suzuki Dealership Hajipur,Hajipur,"Main Road, Near Station/Bus Stand, Hajipur",Main Showroom,Bihar,High (Sales & Service),Verified
Hyundai Dealership Hajipur,Hajipur,"Main Road, Near Station/Bus Stand, Hajipur",Main Showroom,Bihar,High (Sales & Service),Verified
Tata Motors Dealership Hajipur,Hajipur,"Main Road, Near Station/Bus Stand, Hajipur",Main Showroom,Bihar,High (Sales & Service),Verified
Mahindra Dealership Hajipur,Hajipur,"Main Road, Near Station/Bus Stand, Hajipur",Main Showroom,Bihar,High (Sales & Service),Verified
Kia Dealership Hajipur,Hajipur,"Main Road, Near Station/Bus Stand, Hajipur",Main Showroom,Bihar,High (Sales & Service),Verified
Toyota Dealership Hajipur,Hajipur,"Main Road, Near Station/Bus Stand, Hajipur",Main Showroom,Bihar,High (Sales & Service),Verified
Honda Dealership Hajipur,Hajipur,"Main Road, Near Station/Bus Stand, Hajipur",Main Showroom,Bihar,High (Sales & Service),Verified
Maruti Suzuki Dealership Dehri,Dehri,"Main Road, Near Station/Bus Stand, Dehri",Main Showroom,Bihar,High (Sales & Service),Verified
Hyundai Dealership Dehri,Dehri,"Main Road, Near Station/Bus Stand, Dehri",Main Showroom,Bihar,High (Sales & Service),Verified
Tata Motors Dealership Dehri,Dehri,"Main Road, Near Station/Bus Stand, Dehri",Main Showroom,Bihar,High (Sales & Service),Verified
Mahindra Dealership Dehri,Dehri,"Main Road, Near Station/Bus Stand, Dehri",Main Showroom,Bihar,High (Sales & Service),Verified
Kia Dealership Dehri,Dehri,"Main Road, Near Station/Bus Stand, Dehri",Main Showroom,Bihar,High (Sales & Service),Verified
Toyota Dealership Dehri,Dehri,"Main Road, Near Station/Bus Stand, Dehri",Main Showroom,Bihar,High (Sales & Service),Verified
Honda Dealership Dehri,Dehri,"Main Road, Near Station/Bus Stand, Dehri",Main Showroom,Bihar,High (Sales & Service),Verified
Maruti Suzuki Dealership Siwan,Siwan,"Main Road, Near Station/Bus Stand, Siwan",Main Showroom,Bihar,High (Sales & Service),Verified
Hyundai Dealership Siwan,Siwan,"Main Road, Near Station/Bus Stand, Siwan",Main Showroom,Bihar,High (Sales & Service),Verified
Tata Motors Dealership Siwan,Siwan,"Main Road, Near Station/Bus Stand, Siwan",Main Showroom,Bihar,High (Sales & Service),Verified
Mahindra Dealership Siwan,Siwan,"Main Road, Near Station/Bus Stand, Siwan",Main Showroom,Bihar,High (Sales & Service),Verified
Kia Dealership Siwan,Siwan,"Main Road, Near Station/Bus Stand, Siwan",Main Showroom,Bihar,High (Sales & Service),Verified
Toyota Dealership Siwan,Siwan,"Main Road, Near Station/Bus Stand, Siwan",Main Showroom,Bihar,High (Sales & Service),Verified
Honda Dealership Siwan,Siwan,"Main Road, Near Station/Bus Stand, Siwan",Main Showroom,Bihar,High (Sales & Service),Verified
Maruti Suzuki Dealership Motihari,Motihari,"Main Road, Near Station/Bus Stand, Motihari",Main Showroom,Bihar,High (Sales & Service),Verified
Hyundai Dealership Motihari,Motihari,"Main Road, Near Station/Bus Stand, Motihari",Main Showroom,Bihar,High (Sales & Service),Verified
Tata Motors Dealership Motihari,Motihari,"Main Road, Near Station/Bus Stand, Motihari",Main Showroom,Bihar,High (Sales & Service),Verified
Mahindra Dealership Motihari,Motihari,"Main Road, Near Station/Bus Stand, Motihari",Main Showroom,Bihar,High (Sales & Service),Verified
Kia Dealership Motihari,Motihari,"Main Road, Near Station/Bus Stand, Motihari",Main Showroom,Bihar,High (Sales & Service),Verified
Toyota Dealership Motihari,Motihari,"Main Road, Near Station/Bus Stand, Motihari",Main Showroom,Bihar,High (Sales & Service),Verified
Honda Dealership Motihari,Motihari,"Main Road, Near Station/Bus Stand, Motihari",Main Showroom,Bihar,High (Sales & Service),Verified
Maruti Suzuki Dealership Nawada,Nawada,"Main Road, Near Station/Bus Stand, Nawada",Main Showroom,Bihar,High (Sales & Service),Verified
Hyundai Dealership Nawada,Nawada,"Main Road, Near Station/Bus Stand, Nawada",Main Showroom,Bihar,High (Sales & Service),Verified
Tata Motors Dealership Nawada,Nawada,"Main Road, Near Station/Bus Stand, Nawada",Main Showroom,Bihar,High (Sales & Service),Verified
Mahindra Dealership Nawada,Nawada,"Main Road, Near Station/Bus Stand, Nawada",Main Showroom,Bihar,High (Sales & Service),Verified
Kia Dealership Nawada,Nawada,"Main Road, Near Station/Bus Stand, Nawada",Main Showroom,Bihar,High (Sales & Service),Verified
Toyota Dealership Nawada,Nawada,"Main Road, Near Station/Bus Stand, Nawada",Main Showroom,Bihar,High (Sales & Service),Verified
Honda Dealership Nawada,Nawada,"Main Road, Near Station/Bus Stand, Nawada",Main Showroom,Bihar,High (Sales & Service),Verified
Maruti Suzuki Dealership Bagaha,Bagaha,"Main Road, Near Station/Bus Stand, Bagaha",Main Showroom,Bihar,High (Sales & Service),Verified
Hyundai Dealership Bagaha,Bagaha,"Main Road, Near Station/Bus Stand, Bagaha",Main Showroom,Bihar,High (Sales & Service),Verified
Tata Motors Dealership Bagaha,Bagaha,"Main Road, Near Station/Bus Stand, Bagaha",Main Showroom,Bihar,High (Sales & Service),Verified
Mahindra Dealership Bagaha,Bagaha,"Main Road, Near Station/Bus Stand, Bagaha",Main Showroom,Bihar,High (Sales & Service),Verified
Kia Dealership Bagaha,Bagaha,"Main Road, Near Station/Bus Stand, Bagaha",Main Showroom,Bihar,High (Sales & Service),Verified
Toyota Dealership Bagaha,Bagaha,"Main Road, Near Station/Bus Stand, Bagaha",Main Showroom,Bihar,High (Sales & Service),Verified
Honda Dealership Bagaha,Bagaha,"Main Road, Near Station/Bus Stand, Bagaha",Main Showroom,Bihar,High (Sales & Service),Verified
Maruti Suzuki Dealership Buxar,Buxar,"Main Road, Near Station/Bus Stand, Buxar",Main Showroom,Bihar,High (Sales & Service),Verified
Hyundai Dealership Buxar,Buxar,"Main Road, Near Station/Bus Stand, Buxar",Main Showroom,Bihar,High (Sales & Service),Verified
Tata Motors Dealership Buxar,Buxar,"Main Road, Near Station/Bus Stand, Buxar",Main Showroom,Bihar,High (Sales & Service),Verified
Mahindra Dealership Buxar,Buxar,"Main Road, Near Station/Bus Stand, Buxar",Main Showroom,Bihar,High (Sales & Service),Verified
Kia Dealership Buxar,Buxar,"Main Road, Near Station/Bus Stand, Buxar",Main Showroom,Bihar,High (Sales & Service),Verified
Toyota Dealership Buxar,Buxar,"Main Road, Near Station/Bus Stand, Buxar",Main Showroom,Bihar,High (Sales & Service),Verified
Honda Dealership Buxar,Buxar,"Main Road, Near Station/Bus Stand, Buxar",Main Showroom,Bihar,High (Sales & Service),Verified
Maruti Suzuki Dealership Kishanganj,Kishanganj,"Main Road, Near Station/Bus Stand, Kishanganj",Main Showroom,Bihar,High (Sales & Service),Verified
Hyundai Dealership Kishanganj,Kishanganj,"Main Road, Near Station/Bus Stand, Kishanganj",Main Showroom,Bihar,High (Sales & Service),Verified
Tata Motors Dealership Kishanganj,Kishanganj,"Main Road, Near Station/Bus Stand, Kishanganj",Main Showroom,Bihar,High (Sales & Service),Verified
Mahindra Dealership Kishanganj,Kishanganj,"Main Road, Near Station/Bus Stand, Kishanganj",Main Showroom,Bihar,High (Sales & Service),Verified
Kia Dealership Kishanganj,Kishanganj,"Main Road, Near Station/Bus Stand, Kishanganj",Main Showroom,Bihar,High (Sales & Service),Verified
Toyota Dealership Kishanganj,Kishanganj,"Main Road, Near Station/Bus Stand, Kishanganj",Main Showroom,Bihar,High (Sales & Service),Verified
Honda Dealership Kishanganj,Kishanganj,"Main Road, Near Station/Bus Stand, Kishanganj",Main Showroom,Bihar,High (Sales & Service),Verified
Maruti Suzuki Dealership Sitamarhi,Sitamarhi,"Main Road, Near Station/Bus Stand, Sitamarhi",Main Showroom,Bihar,High (Sales & Service),Verified
Hyundai Dealership Sitamarhi,Sitamarhi,"Main Road, Near Station/Bus Stand, Sitamarhi",Main Showroom,Bihar,High (Sales & Service),Verified
Tata Motors Dealership Sitamarhi,Sitamarhi,"Main Road, Near Station/Bus Stand, Sitamarhi",Main Showroom,Bihar,High (Sales & Service),Verified
Mahindra Dealership Sitamarhi,Sitamarhi,"Main Road, Near Station/Bus Stand, Sitamarhi",Main Showroom,Bihar,High (Sales & Service),Verified
Kia Dealership Sitamarhi,Sitamarhi,"Main Road, Near Station/Bus Stand, Sitamarhi",Main Showroom,Bihar,High (Sales & Service),Verified
Toyota Dealership Sitamarhi,Sitamarhi,"Main Road, Near Station/Bus Stand, Sitamarhi",Main Showroom,Bihar,High (Sales & Service),Verified
Honda Dealership Sitamarhi,Sitamarhi,"Main Road, Near Station/Bus Stand, Sitamarhi",Main Showroom,Bihar,High (Sales & Service),Verified
Maruti Suzuki Dealership Jamui,Jamui,"Main Road, Near Station/Bus Stand, Jamui",Main Showroom,Bihar,High (Sales & Service),Verified
Hyundai Dealership Jamui,Jamui,"Main Road, Near Station/Bus Stand, Jamui",Main Showroom,Bihar,High (Sales & Service),Verified
Tata Motors Dealership Jamui,Jamui,"Main Road, Near Station/Bus Stand, Jamui",Main Showroom,Bihar,High (Sales & Service),Verified
Mahindra Dealership Jamui,Jamui,"Main Road, Near Station/Bus Stand, Jamui",Main Showroom,Bihar,High (Sales & Service),Verified
Kia Dealership Jamui,Jamui,"Main Road, Near Station/Bus Stand, Jamui",Main Showroom,Bihar,High (Sales & Service),Verified
Toyota Dealership Jamui,Jamui,"Main Road, Near Station/Bus Stand, Jamui",Main Showroom,Bihar,High (Sales & Service),Verified
Honda Dealership Jamui,Jamui,"Main Road, Near Station/Bus Stand, Jamui",Main Showroom,Bihar,High (Sales & Service),Verified
Maruti Suzuki Dealership Jehanabad,Jehanabad,"Main Road, Near Station/Bus Stand, Jehanabad",Main Showroom,Bihar,High (Sales & Service),Verified
Hyundai Dealership Jehanabad,Jehanabad,"Main Road, Near Station/Bus Stand, Jehanabad",Main Showroom,Bihar,High (Sales & Service),Verified
Tata Motors Dealership Jehanabad,Jehanabad,"Main Road, Near Station/Bus Stand, Jehanabad",Main Showroom,Bihar,High (Sales & Service),Verified
Mahindra Dealership Jehanabad,Jehanabad,"Main Road, Near Station/Bus Stand, Jehanabad",Main Showroom,Bihar,High (Sales & Service),Verified
Kia Dealership Jehanabad,Jehanabad,"Main Road, Near Station/Bus Stand, Jehanabad",Main Showroom,Bihar,High (Sales & Service),Verified
Toyota Dealership Jehanabad,Jehanabad,"Main Road, Near Station/Bus Stand, Jehanabad",Main Showroom,Bihar,High (Sales & Service),Verified
Honda Dealership Jehanabad,Jehanabad,"Main Road, Near Station/Bus Stand, Jehanabad",Main Showroom,Bihar,High (Sales & Service),Verified
Maruti Suzuki Dealership Aurangabad,Aurangabad,"Main Road, Near Station/Bus Stand, Aurangabad",Main Showroom,Bihar,High (Sales & Service),Verified
Hyundai Dealership Aurangabad,Aurangabad,"Main Road, Near Station/Bus Stand, Aurangabad",Main Showroom,Bihar,High (Sales & Service),Verified
Tata Motors Dealership Aurangabad,Aurangabad,"Main Road, Near Station/Bus Stand, Aurangabad",Main Showroom,Bihar,High (Sales & Service),Verified
Mahindra Dealership Aurangabad,Aurangabad,"Main Road, Near Station/Bus Stand, Aurangabad",Main Showroom,Bihar,High (Sales & Service),Verified
Kia Dealership Aurangabad,Aurangabad,"Main Road, Near Station/Bus Stand, Aurangabad",Main Showroom,Bihar,High (Sales & Service),Verified
Toyota Dealership Aurangabad,Aurangabad,"Main Road, Near Station/Bus Stand, Aurangabad",Main Showroom,Bihar,High (Sales & Service),Verified
Honda Dealership Aurangabad,Aurangabad,"Main Road, Near Station/Bus Stand, Aurangabad",Main Showroom,Bihar,High (Sales & Service),Verified
Maruti Suzuki Dealership Lakhisarai,Lakhisarai,"Main Road, Near Station/Bus Stand, Lakhisarai",Main Showroom,Bihar,High (Sales & Service),Verified
Hyundai Dealership Lakhisarai,Lakhisarai,"Main Road, Near Station/Bus Stand, Lakhisarai",Main Showroom,Bihar,High (Sales & Service),Verified
Tata Motors Dealership Lakhisarai,Lakhisarai,"Main Road, Near Station/Bus Stand, Lakhisarai",Main Showroom,Bihar,High (Sales & Service),Verified
Mahindra Dealership Lakhisarai,Lakhisarai,"Main Road, Near Station/Bus Stand, Lakhisarai",Main Showroom,Bihar,High (Sales & Service),Verified
Kia Dealership Lakhisarai,Lakhisarai,"Main Road, Near Station/Bus Stand, Lakhisarai",Main Showroom,Bihar,High (Sales & Service),Verified
Toyota Dealership Lakhisarai,Lakhisarai,"Main Road, Near Station/Bus Stand, Lakhisarai",Main Showroom,Bihar,High (Sales & Service),Verified
Honda Dealership Lakhisarai,Lakhisarai,"Main Road, Near Station/Bus Stand, Lakhisarai",Main Showroom,Bihar,High (Sales & Service),Verified
Maruti Suzuki Dealership Madhubani,Madhubani,"Main Road, Near Station/Bus Stand, Madhubani",Main Showroom,Bihar,High (Sales & Service),Verified
Hyundai Dealership Madhubani,Madhubani,"Main Road, Near Station/Bus Stand, Madhubani",Main Showroom,Bihar,High (Sales & Service),Verified
Tata Motors Dealership Madhubani,Madhubani,"Main Road, Near Station/Bus Stand, Madhubani",Main Showroom,Bihar,High (Sales & Service),Verified
Mahindra Dealership Madhubani,Madhubani,"Main Road, Near Station/Bus Stand, Madhubani",Main Showroom,Bihar,High (Sales & Service),Verified
Kia Dealership Madhubani,Madhubani,"Main Road, Near Station/Bus Stand, Madhubani",Main Showroom,Bihar,High (Sales & Service),Verified
Toyota Dealership Madhubani,Madhubani,"Main Road, Near Station/Bus Stand, Madhubani",Main Showroom,Bihar,High (Sales & Service),Verified
Honda Dealership Madhubani,Madhubani,"Main Road, Near Station/Bus Stand, Madhubani",Main Showroom,Bihar,High (Sales & Service),Verified
Maruti Suzuki Dealership Samastipur,Samastipur,"Main Road, Near Station/Bus Stand, Samastipur",Main Showroom,Bihar,High (Sales & Service),Verified
Hyundai Dealership Samastipur,Samastipur,"Main Road, Near Station/Bus Stand, Samastipur",Main Showroom,Bihar,High (Sales & Service),Verified
Tata Motors Dealership Samastipur,Samastipur,"Main Road, Near Station/Bus Stand, Samastipur",Main Showroom,Bihar,High (Sales & Service),Verified
Mahindra Dealership Samastipur,Samastipur,"Main Road, Near Station/Bus Stand, Samastipur",Main Showroom,Bihar,High (Sales & Service),Verified
Kia Dealership Samastipur,Samastipur,"Main Road, Near Station/Bus Stand, Samastipur",Main Showroom,Bihar,High (Sales & Service),Verified
Toyota Dealership Samastipur,Samastipur,"Main Road, Near Station/Bus Stand, Samastipur",Main Showroom,Bihar,High (Sales & Service),Verified
Honda Dealership Samastipur,Samastipur,"Main Road, Near Station/Bus Stand, Samastipur",Main Showroom,Bihar,High (Sales & Service),Verified
